link,name,price
/km/49103ee431faef76x.htm#fr_page=list&fr_pos=city&fr_no=0,哈弗H1 2016款 蓝标 1.5L AMT豪华型,3.60
/quanzhou/ec4c4c4bd552298fx.htm#fr_page=list&fr_pos=city&fr_no=1,标致2008 2014款 1.6L 自动潮流版,4.40
/sy/158de30a5b29245ex.htm#fr_page=list&fr_pos=city&fr_no=2,日产 轩逸 2012款 1.6XL CVT豪华版,6.20
/fz/19759126c9ba1b47x.htm#fr_page=list&fr_pos=city&fr_no=3,哈弗H1 2016款 红标 1.5L AMT舒适型,3.99
/hf/e733db80c931905ax.htm#fr_page=list&fr_pos=city&fr_no=4,雪佛兰 科鲁兹 2013款 1.8L SE AT,4.76
/jilin/5b82687752f20da5x.htm#fr_page=list&fr_pos=city&fr_no=5,别克 君威 2010款 2.0L 世博版,5.20
/bj/a48a96659f1cf816x.htm#fr_page=list&fr_pos=city&fr_no=6,起亚K2 2011款 三厢 1.4L AT TOP,3.70
/huizhou/18a0aba7ebec3ab6x.htm#fr_page=list&fr_pos=city&fr_no=7,本田 飞度 2014款 1.5L LX CVT舒适型,6.38
/sz/c12d63453fa44b78x.htm#fr_page=list&fr_pos=city&fr_no=8,日产 蓝鸟 2016款 1.6L CVT高能版,8.18
/sjz/88ac82223e74f658x.htm#fr_page=list&fr_pos=city&fr_no=9,大众 桑塔纳 2015款 1.6L 手动风尚版,4.80
/nj/ea9e983ccdf7a9ecx.htm#fr_page=list&fr_pos=city&fr_no=10,奥迪Q5 2011款 2.0TFSI 技术型,13.38
/cd/4407c4ac9f4004c8x.htm#fr_page=list&fr_pos=city&fr_no=11,比亚迪S6 2013款 白金版 2.0L 手动豪华型,3.10
/hrb/29c59b167af96e59x.htm#fr_page=list&fr_pos=city&fr_no=12,日产 蓝鸟 2016款 1.6L CVT炫酷版,9.20
/xinxiang/24dd4b2c32bfb675x.htm#fr_page=list&fr_pos=city&fr_no=13,福特 福睿斯 2015款 1.5L 自动舒适型,5.15
/xa/f643eec816802820x.htm#fr_page=list&fr_pos=city&fr_no=14,本田 哥瑞 2016款 1.5L CVT经典版,6.78
/su/99510db01a188852x.htm#fr_page=list&fr_pos=city&fr_no=15,大众 桑塔纳 2016款 1.6L 自动风尚版,6.78
/nj/bd32800dc95f43a1x.htm#fr_page=list&fr_pos=city&fr_no=16,别克 威朗 2015款 三厢 15S 自动领先型,7.68
/nn/6726d47660e57c69x.htm#fr_page=list&fr_pos=city&fr_no=17,标致308S 2015款 1.2T 自动劲驰版,6.60
/cc/9a471b6ab529e350x.htm#fr_page=list&fr_pos=city&fr_no=18,江淮 瑞风S3 2016款 1.5L 手动豪华智能型,3.60
/su/7d9ffbc8806cd658x.htm#fr_page=list&fr_pos=city&fr_no=19,奥迪A4L 2016款 35 TFSI 典藏版 自动标准型,16.50
/sh/627b754e60078ad7x.htm#fr_page=list&fr_pos=city&fr_no=20,大众POLO 2018款 1.5L 自动安驾型,6.90
/bj/dd316a9831cd9d8dx.htm#fr_page=list&fr_pos=city&fr_no=21,本田 杰德 2013款 1.8L CVT豪华版 5座,9.70
/hrb/6675e9743d513efcx.htm#fr_page=list&fr_pos=city&fr_no=22,日产 骊威 2015款 1.6XE CVT舒适版,6.20
/su/f41ead7315d25595x.htm#fr_page=list&fr_pos=city&fr_no=23,纳智捷 优6 SUV 2017款 改款 1.6T 新创型,7.81
/ty/8010b76ba802504dx.htm#fr_page=list&fr_pos=city&fr_no=24,别克 君越 2016款 20T 精英型,13.68
/yantai/eac12dcbed1dd3bbx.htm#fr_page=list&fr_pos=city&fr_no=25,斯柯达 昕锐 2016款 1.6L 手动创行版,5.02
/wx/f1f6d88b6aeab096x.htm#fr_page=list&fr_pos=city&fr_no=26,现代 索纳塔八 2011款 2.0L 自动豪华版,5.80
/bj/48d815c5683c6ebdx.htm#fr_page=list&fr_pos=city&fr_no=27,奔驰GLK级 2014款 GLK 200 标准型,20.20
/nc/0af993ad86413f4fx.htm#fr_page=list&fr_pos=city&fr_no=28,大众 迈腾 2013款 1.8TSI 豪华型,9.50
/zhongshan/0546454b000edc53x.htm#fr_page=list&fr_pos=city&fr_no=29,日产 轩逸 2012款 经典 1.6XE 自动舒适版,6.18
/bj/fea8c71140a3036ex.htm#fr_page=list&fr_pos=city&fr_no=30,奔驰C级 2011款 C 200 CGI 优雅型,11.38
/luoyang/905d7940912289e7x.htm#fr_page=list&fr_pos=city&fr_no=31,斯柯达 明锐 2015款 1.6L 自动逸杰版,6.70
/xa/aee3656c7df1d751x.htm#fr_page=list&fr_pos=city&fr_no=32,哈弗H6 2015款 运动版 1.5T 手动四驱精英型,5.80
/bj/b3ab76c93e888d83x.htm#fr_page=list&fr_pos=city&fr_no=33,本田CR-V 2015款 2.4L 四驱豪华版,17.30
/sz/997fbcaf06fb7611x.htm#fr_page=list&fr_pos=city&fr_no=34,日产 轩逸 2016款 1.6XE CVT舒适版,8.68
/km/151b6dd067a50380x.htm#fr_page=list&fr_pos=city&fr_no=35,比亚迪G6 2012款 1.5TI 手动尊贵型,3.03
/changzhou/38373aaa694d09d1x.htm#fr_page=list&fr_pos=city&fr_no=36,哈弗H1 2016款 改款 蓝标 1.5L AMT豪华型,4.68
/su/a4c76b0e300ac695x.htm#fr_page=list&fr_pos=city&fr_no=37,大众 朗逸 2017款 230TSI DSG舒适版,10.50
/km/a58f715282a5a841x.htm#fr_page=list&fr_pos=city&fr_no=38,大众 朗逸 2017款 1.6L 自动风尚版,8.72
/bj/acd7e46d3861bd3ex.htm#fr_page=list&fr_pos=city&fr_no=39,宝马3系 2012款 318i领先型(进口),9.50
/nj/c188913dc54b3b2bx.htm#fr_page=list&fr_pos=city&fr_no=0,别克 威朗 2015款 三厢 15S 自动进取型,6.80
/ty/40955af872fd6e43x.htm#fr_page=list&fr_pos=city&fr_no=1,宝马5系 2013款 520Li 典雅型,20.58
/hf/ba3142fe9b3bbe2fx.htm#fr_page=list&fr_pos=city&fr_no=2,现代 途胜 2015款 1.6T 双离合两驱智能型,10.98
/cc/606b66e99c549c7ex.htm#fr_page=list&fr_pos=city&fr_no=3,大众 朗逸 2013款 改款经典 1.6L 自动风尚版,7.30
/nj/bab18219eb82704ax.htm#fr_page=list&fr_pos=city&fr_no=4,丰田 威驰FS 2017款 1.5L CVT锋驰版,6.58
/yc/08b400c17df8d1a9x.htm#fr_page=list&fr_pos=city&fr_no=5,菲亚特 菲翔 2012款 1.4T 自动悦享版,4.30
/cd/0c14802e2b772472x.htm#fr_page=list&fr_pos=city&fr_no=6,大众 高尔夫 2015款 1.4TSI 自动豪华型,8.98
/sh/6857f30bd4a4397bx.htm#fr_page=list&fr_pos=city&fr_no=7,马自达 昂克赛拉 2017款 三厢 1.5L 自动尊贵型 国V,9.98
/wh/1101a618a0bb6246x.htm#fr_page=list&fr_pos=city&fr_no=8,丰田 YARiS L 致炫 2016款 改款 1.5E CVT魅动版,6.01
/nn/ccaddb382450723cx.htm#fr_page=list&fr_pos=city&fr_no=9,日产 轩逸 2016款 经典 1.6XE 手动舒适版,5.50
/nn/44987796a28e0ab3x.htm#fr_page=list&fr_pos=city&fr_no=10,起亚K3 2016款 1.6L 自动GLS,7.68
/ty/897b7831e3e70d6dx.htm#fr_page=list&fr_pos=city&fr_no=11,标致408 2013款 2.0L 手动舒适版,3.69
/dl/4c9080fe0ac8bb55x.htm#fr_page=list&fr_pos=city&fr_no=12,哈弗H2 2014款 1.5T 手动两驱精英版,4.48
/zhongshan/fd8aed3b8da6640dx.htm#fr_page=list&fr_pos=city&fr_no=13,现代ix25 2015款 1.6L 自动两驱尊贵型DLX,9.08
/hrb/50ebf5a605443da9x.htm#fr_page=list&fr_pos=city&fr_no=14,福特 翼虎 2015款 1.5L GTDi 两驱风尚型,12.50
/wx/39efa041f232aa35x.htm#fr_page=list&fr_pos=city&fr_no=15,丰田 YARiS L 致炫 2016款 改款 1.5GS CVT锐动版,7.00
/jn/27d735199ae94be3x.htm#fr_page=list&fr_pos=city&fr_no=16,丰田 YARiS L 致炫 2016款 改款 1.3E 手动魅动版,5.88
/su/34cfed2f20d22493x.htm#fr_page=list&fr_pos=city&fr_no=17,吉利 博越 2016款 2.0L 手动智尚型,5.60
/fz/68b74bd77ba43850x.htm#fr_page=list&fr_pos=city&fr_no=18,起亚K5 2015款 2.0L 自动GL,8.09
/wh/96c17eaa0a14d90ax.htm#fr_page=list&fr_pos=city&fr_no=19,奔驰C级 2015款 C 200 L 运动型,21.70
/sh/0e053d1892135c1ex.htm#fr_page=list&fr_pos=city&fr_no=20,马自达CX-5 2013款 2.0L 自动四驱精英型,10.80
/jn/52933c377ff90de6x.htm#fr_page=list&fr_pos=city&fr_no=21,本田XR-V 2017款 1.8L EXi CVT舒适版,11.78
/sjz/54c5a309cb810d5bx.htm#fr_page=list&fr_pos=city&fr_no=22,大众 宝来 2011款 1.4T 手动舒适型,4.00
/cq/715c174dd2a22006x.htm#fr_page=list&fr_pos=city&fr_no=23,长安 逸动DT 2018款 1.6L 自动智享型,5.00
/hf/7e573570b8f068cax.htm#fr_page=list&fr_pos=city&fr_no=24,本田CR-V 2018款 240TURBO CVT两驱舒适版,15.90
/sh/ed3d2dd4904f844ex.htm#fr_page=list&fr_pos=city&fr_no=25,奥迪Q7 2013款 35 TFSI 进取型(进口),23.20
/sh/e436633fb0f71c4cx.htm#fr_page=list&fr_pos=city&fr_no=26,三菱 欧蓝德 2016款 2.4L 四驱精英版 5座,13.20
/changzhou/9f69c442ea64ad5ex.htm#fr_page=list&fr_pos=city&fr_no=27,丰田 RAV4 2013款 特享版 2.0L 自动经典,9.80
/xinxiang/23c8f42ef997a573x.htm#fr_page=list&fr_pos=city&fr_no=28,奥迪A4L 2012款 2.0 TFSI 自动标准型,11.88
/nj/0cf07a4c81359b8ax.htm#fr_page=list&fr_pos=city&fr_no=29,奔驰GLA级 2016款 GLA 200 动感型,17.80
/nj/ee3d2a75acd8fd23x.htm#fr_page=list&fr_pos=city&fr_no=30,马自达 昂克赛拉 2016款 三厢 2.0L 自动运动型,9.58
/jinhua/d779431f3200961dx.htm#fr_page=list&fr_pos=city&fr_no=31,起亚K4 2014款 1.6T 自动Turbo,8.70
/cc/a311bbdebee38b91x.htm#fr_page=list&fr_pos=city&fr_no=32,福特 福睿斯 2017款 改款 1.5L 自动舒适型,6.55
/deyang/cf3742c3da7925a8x.htm#fr_page=list&fr_pos=city&fr_no=33,大众 速腾 2013款 2.0TSI GLI,8.58
/dg/bbfeb3f731fb5b7dx.htm#fr_page=list&fr_pos=city&fr_no=34,比亚迪F3 2018款 1.5L 手动经典型,3.30
/xa/d3552a290e273dd3x.htm#fr_page=list&fr_pos=city&fr_no=35,吉利 远景 2018款 1.5L 自动尊贵型,5.00
/ty/1fade10a73ff7c42x.htm#fr_page=list&fr_pos=city&fr_no=36,本田 飞度 2018款 1.5L CVT舒适天窗版,8.50
/zhongshan/fa53d4207a04cabcx.htm#fr_page=list&fr_pos=city&fr_no=37,本田 飞度 2014款 1.5L SE CVT时尚型,6.60
/yancheng/f98b8447647bc44dx.htm#fr_page=list&fr_pos=city&fr_no=38,起亚KX CROSS 2017款 1.4L AT GLS,6.40
/cd/13f0abe360edc9b7x.htm#fr_page=list&fr_pos=city&fr_no=39,众泰SR7 2017款 1.5T 手动魔方之梦版,6.60
/cd/13f0abe360edc9b7x.htm#fr_page=list&fr_pos=city&fr_no=0,众泰SR7 2017款 1.5T 手动魔方之梦版,6.60
/jn/49b7ec1d301a3f47x.htm#fr_page=list&fr_pos=city&fr_no=1,大众 捷达 2017款 1.5L 自动时尚型,6.28
/su/ea4e3c5bf017e4c1x.htm#fr_page=list&fr_pos=city&fr_no=2,奇瑞 艾瑞泽5 2017款 1.5L 手动时尚版,4.35
/nj/358af68cf5120eccx.htm#fr_page=list&fr_pos=city&fr_no=3,马自达3星骋 2015款 两厢 1.6L 自动精英型,6.88
/xinxiang/2d955d450d3257afx.htm#fr_page=list&fr_pos=city&fr_no=4,起亚KX CROSS 2017款 1.4L AT GLS,6.50
/jilin/751de85c60c3d192x.htm#fr_page=list&fr_pos=city&fr_no=5,马自达 睿翼 2012款 轿跑 2.0L 自动精英版,6.66
/xiangyang/5c71089129a8174ax.htm#fr_page=list&fr_pos=city&fr_no=6,宝马X4 2014款 xDrive20i X设计套装(进口),28.38
/sjz/d7bcc885fce0aa68x.htm#fr_page=list&fr_pos=city&fr_no=7,现代 朗动 2016款 1.6L 自动智能型,8.80
/jiaxing/4042ba5cf39ea762x.htm#fr_page=list&fr_pos=city&fr_no=8,凯迪拉克ATS-L 2016款 28T 技术型,16.98
/hz/c1bb2da947536620x.htm#fr_page=list&fr_pos=city&fr_no=9,本田 奥德赛 2015款 改款 2.4L 豪华版,18.80
/huizhou/4f4b77c7748099c3x.htm#fr_page=list&fr_pos=city&fr_no=10,奔驰C级 2015款 C 200 L,23.38
/xiangyang/c012470f1dbd9f6fx.htm#fr_page=list&fr_pos=city&fr_no=11,大众CC 2016款 1.8TSI 尊贵型,15.64
/weifang/6c67cf53e4eead1ex.htm#fr_page=list&fr_pos=city&fr_no=12,大众POLO 2014款 1.4L 自动舒适版,5.64
/xa/87a00f56a1aa8165x.htm#fr_page=list&fr_pos=city&fr_no=13,日产 骐达 2016款 1.6L CVT酷动版,9.58
/su/d63bf169917978afx.htm#fr_page=list&fr_pos=city&fr_no=14,奔驰C级 2018款 C 200 L 运动版,27.25
/zhongshan/5ffef2d6ee1d2a0fx.htm#fr_page=list&fr_pos=city&fr_no=15,本田 锋范 2015款 1.5L CVT舒适版,7.10
/su/cab963aea2311b78x.htm#fr_page=list&fr_pos=city&fr_no=16,本田 缤智 2017款 1.5L CVT两驱舒适型,10.80
/qd/3066d7ad7da62c15x.htm#fr_page=list&fr_pos=city&fr_no=17,雪佛兰 科鲁兹 2018款 320 自动先锋天窗版,6.75
/jn/fde173b38c180ac9x.htm#fr_page=list&fr_pos=city&fr_no=18,大众 高尔夫・嘉旅 2018款 230TSI 自动进取型,12.39
/luoyang/d9ff323503c2c98dx.htm#fr_page=list&fr_pos=city&fr_no=19,奥迪A4L 2016款 35 TFSI 典藏版 自动标准型,17.67
/cd/a58d4bd4148d14c8x.htm#fr_page=list&fr_pos=city&fr_no=20,大众 途观 2013款 1.8TSI 自动四驱豪华型,13.20
/gy/c825fc400233daf7x.htm#fr_page=list&fr_pos=city&fr_no=21,现代 名图 2014款 1.8L 自动智能型GLS,7.58
/su/f5c9b76e38c11e05x.htm#fr_page=list&fr_pos=city&fr_no=22,丰田 花冠 2013款 1.6L 自动卓越版,6.58
/yuncheng/7f962a507f31b424x.htm#fr_page=list&fr_pos=city&fr_no=23,本田 思域 2016款 220TURBO CVT尊贵版,13.30
/sy/a25bba6a9e1b07d9x.htm#fr_page=list&fr_pos=city&fr_no=24,福特 福克斯 2018款 两厢经典 EcoBoost 180 自动精英型,9.99
/bj/534e8c4f0165c4ccx.htm#fr_page=list&fr_pos=city&fr_no=25,奔驰A级 2019款 改款 A 200 L,22.80
/bj/9d9cb2f6d0a0f697x.htm#fr_page=list&fr_pos=city&fr_no=26,本田 皓影 2020款 240TURBO CVT四驱尊享版,23.70
/sh/ae3d4d638b14b48bx.htm#fr_page=list&fr_pos=city&fr_no=27,大众 途观L 2019款 330TSI 自动两驱全景舒适版 国V,18.60
/yc/425b84b0966e69aex.htm#fr_page=list&fr_pos=city&fr_no=28,别克 凯越 2013款 1.5L 自动经典型,4.30
/cd/a38e34f18cea4af3x.htm#fr_page=list&fr_pos=city&fr_no=29,东南DX3 2018款 1.5L 手动尊贵型,5.20
/wx/b7a0c27fc0b5a1f5x.htm#fr_page=list&fr_pos=city&fr_no=30,长安CS35 2015款 1.6L 手动豪华型 国V,4.16
/xiangyang/8be630d029ca9230x.htm#fr_page=list&fr_pos=city&fr_no=31,奔驰B级 2015款 B 200 时尚型(进口),14.59
/nmg/c534d242a4a003b5x.htm#fr_page=list&fr_pos=city&fr_no=32,本田CR-V 2012款 2.0L 两驱都市版,10.58
/nj/8778db56d26e0de0x.htm#fr_page=list&fr_pos=city&fr_no=33,大众POLO 2018款 1.5L 自动安享型,7.80
/cd/eed12fea681f3917x.htm#fr_page=list&fr_pos=city&fr_no=34,本田 雅阁 2018款 260TURBO 精英版 国V,17.80
/xa/4e6c7fff79f7b054x.htm#fr_page=list&fr_pos=city&fr_no=35,中华V3 2017款 1.5L 手动智能型,5.30
/zhongshan/01536f4fe5576b87x.htm#fr_page=list&fr_pos=city&fr_no=36,本田 凌派 2019款 180Turbo CVT舒适版 国VI,9.38
/cq/086ea5c9c4c64fedx.htm#fr_page=list&fr_pos=city&fr_no=37,本田 飞度 2014款 1.5L LX 手动舒适型,5.98
/bj/62a3d61232be1436x.htm#fr_page=list&fr_pos=city&fr_no=38,上汽大通 大通T60 2017款 2.0T汽油自动两驱高底盘舒享型小双排,10.20
/sjz/8a0619d05fdc7c36x.htm#fr_page=list&fr_pos=city&fr_no=39,大众 朗逸 2017款 1.6L 自动风尚版,8.78
/bj/a505b22c2f24588ex.htm#fr_page=list&fr_pos=city&fr_no=0,别克GL6 2018款 18T 6座尊贵型,11.38
/liuzhou/8c67d77a0e7be58bx.htm#fr_page=list&fr_pos=city&fr_no=1,雪佛兰 科沃兹 2018款 320 自动欣悦版,6.68
/jiaxing/1e92ae1fd4674e96x.htm#fr_page=list&fr_pos=city&fr_no=2,福特 蒙迪欧 2013款 1.5L GTDi180时尚型,11.58
/cq/5c0baf06a88b900fx.htm#fr_page=list&fr_pos=city&fr_no=3,本田 冠道 2017款 240TURBO 两驱尊享版,26.60
/sh/4f130bc8aa4880c2x.htm#fr_page=list&fr_pos=city&fr_no=4,现代 领动 2018款 1.4T 双离合炫动・活力型,8.58
/wh/73d63b863259c67cx.htm#fr_page=list&fr_pos=city&fr_no=5,大众POLO 2016款 1.6L 自动舒适型,6.43
/wenzhou/55793bae63d310d7x.htm#fr_page=list&fr_pos=city&fr_no=6,吉利 帝豪 2015款 三厢 1.3T CVT向上版,4.40
/zz/90eacbcff4628742x.htm#fr_page=list&fr_pos=city&fr_no=7,大众 桑塔纳 2016款 1.6L 自动风尚版,6.20
/xa/189004659a66c0d8x.htm#fr_page=list&fr_pos=city&fr_no=8,哈弗H6 2019款 红标 1.5GDIT 自动豪华智联版,10.60
/tj/89f4ad340c1cd4bfx.htm#fr_page=list&fr_pos=city&fr_no=9,标致408 2014款 1.8L 自动豪华版,7.98
/xuchang/7cba33a4bbcd10edx.htm#fr_page=list&fr_pos=city&fr_no=10,日产 逍客 2016款 1.2T 手动时尚版,8.20
/bj/c8f585c1b39c186ex.htm#fr_page=list&fr_pos=city&fr_no=11,大众 迈腾 2019款 330TSI DSG 豪华型 国V,19.30
/wx/7fb99fd3870a25dfx.htm#fr_page=list&fr_pos=city&fr_no=12,现代 名图 2016款 1.6T 自动智能型GLS,9.18
/nn/9237e354ba778568x.htm#fr_page=list&fr_pos=city&fr_no=13,丰田 卡罗拉 2016款 1.6L CVT GL-i炫酷版,9.00
/fz/21d412d83ef39998x.htm#fr_page=list&fr_pos=city&fr_no=14,奔驰E级 2014款 E 260 轿跑版(进口),27.98
/gz/6ea0c189d7de6e0fx.htm#fr_page=list&fr_pos=city&fr_no=15,日产 轩逸 2016款 1.6XL CVT豪华版,8.80
/zhongshan/9a3e057939363ec6x.htm#fr_page=list&fr_pos=city&fr_no=16,丰田 雷凌 2017款 改款 185T CVT精英版 国V,8.73
/yc/6c04dfd1d6843a09x.htm#fr_page=list&fr_pos=city&fr_no=17,长安CS75 2014款 1.8T 自动精英型 国IV,6.32
/sh/b0ca15f9b1566a89x.htm#fr_page=list&fr_pos=city&fr_no=18,大众 帕萨特 2019款 330TSI 豪华版 国V,17.80
/cq/d512c0a632e90b58x.htm#fr_page=list&fr_pos=city&fr_no=19,日产 奇骏 2019款 2.0L CVT智联舒适版 2WD,17.98
/sy/cbe575f7df06c7c7x.htm#fr_page=list&fr_pos=city&fr_no=20,雪佛兰 沃兰多 2018款 Redline 530T 自动纵享版（5+2款） 国V,10.20
/nc/d5356f81d3ae6947x.htm#fr_page=list&fr_pos=city&fr_no=21,大众 高尔夫 2018款 230TSI 自动豪华型,12.20
/nmg/df887225e3af5e05x.htm#fr_page=list&fr_pos=city&fr_no=22,Jeep 自由侠 2017款 180T 自动劲能版,9.19
/wx/0f12ddb4a24173edx.htm#fr_page=list&fr_pos=city&fr_no=23,雷诺 风朗 2015款 2.0L 标准版(进口),6.08
/xuchang/ee6b995f3558704dx.htm#fr_page=list&fr_pos=city&fr_no=24,长安CS35 2012款 1.6L 手动豪华型 国IV,3.60
/xinxiang/ca9814d681c00aa7x.htm#fr_page=list&fr_pos=city&fr_no=25,长安CS75 2014款 2.0L 手动豪华型 国IV,4.90
/nj/1435d38e87c0522cx.htm#fr_page=list&fr_pos=city&fr_no=26,别克GL8 2014款 2.4L CT豪华商务舒适版,17.80
/cc/64215d7867a4b727x.htm#fr_page=list&fr_pos=city&fr_no=27,路虎 揽胜极光 2020款 249PS R-DYNAMIC S 运动版,31.37
/sjz/ef5bdccf5cbbc05fx.htm#fr_page=list&fr_pos=city&fr_no=28,斯柯达 柯迪亚克GT 2019款 TSI380 四驱豪华版 国VI,18.98
/xuzhou/ef8b2b9c7b0269ccx.htm#fr_page=list&fr_pos=city&fr_no=29,五菱宏光 2016款 1.5L S1尊享型国V,4.88
/cs/0d75440834c6050dx.htm#fr_page=list&fr_pos=city&fr_no=30,大众 帕萨特 2019款 330TSI 豪华版 国V,19.40
/su/a39a2f50d4a1ddd6x.htm#fr_page=list&fr_pos=city&fr_no=31,本田 杰德 2016款 1.8L 自动舒适精英版 5座,9.55
/yc/34de1b2e3869742cx.htm#fr_page=list&fr_pos=city&fr_no=32,本田 思域 2016款 220TURBO CVT豪华版,12.76
/nn/9c31e7e025f4bdc0x.htm#fr_page=list&fr_pos=city&fr_no=33,日产 轩逸 2020款 1.6L XL CVT智享版,12.38
/xa/f20cc3a8ec1c557ex.htm#fr_page=list&fr_pos=city&fr_no=34,比亚迪 唐新能源 2015款 2.0T 四驱旗舰型,10.10
/changzhou/b472ffa190b8e705x.htm#fr_page=list&fr_pos=city&fr_no=35,雪佛兰 迈锐宝XL 2019款 Redline 550T 自动锐动版,13.70
/su/c3f178b3eb7480c4x.htm#fr_page=list&fr_pos=city&fr_no=36,长安CS55 2018款 1.5T 手动炫色型 国V,6.78
/gy/fbc07e87f8a4307ax.htm#fr_page=list&fr_pos=city&fr_no=37,福特 锐界 2018款 EcoBoost 245 两驱豪锐型 7座 国V,18.68
/changzhou/ffa1b28db51cf7f0x.htm#fr_page=list&fr_pos=city&fr_no=38,别克 君越 2019款 28T 尊贵型,19.88
/hz/829187da046dc219x.htm#fr_page=list&fr_pos=city&fr_no=39,凯迪拉克ATS-L 2017款 28T 技术型,17.80
/xuchang/a1c6a172eb937742x.htm#fr_page=list&fr_pos=city&fr_no=0,哈弗H2 2017款 红标 1.5T 手动两驱精英型,5.60
/xa/801e75fdb73b0680x.htm#fr_page=list&fr_pos=city&fr_no=1,本田 思域 2019款 220TURBO CVT燃动版 国VI,13.98
/mianyang/6b762464aa4db358x.htm#fr_page=list&fr_pos=city&fr_no=2,猎豹 黑金刚 2013款 2.2L 手动两驱标准型,4.38
/fz/ee66f20dcaa66f5dx.htm#fr_page=list&fr_pos=city&fr_no=3,宝马X1 2015款 sDrive18i 时尚晋级版,16.98
/wh/9c771cb3ac9864ecx.htm#fr_page=list&fr_pos=city&fr_no=4,宝马X1 2019款 sDrive18Li 时尚型,21.18
/zhangjiakou/998f17675822b132x.htm#fr_page=list&fr_pos=city&fr_no=5,大众POLO 2019款 Plus 1.5L 自动炫彩科技版,9.90
/wx/f39bb0a93c90e0aex.htm#fr_page=list&fr_pos=city&fr_no=6,本田 歌诗图 2016款 2.4L 豪华版,15.98
/cs/d0c9d0b93130f279x.htm#fr_page=list&fr_pos=city&fr_no=7,别克 君越 2018款 20T 精英型,16.00
/km/6d5b843c69b80b36x.htm#fr_page=list&fr_pos=city&fr_no=8,凯迪拉克ATS-L 2017款 28T 技术型,17.28
/xa/5150432a3b66b0b4x.htm#fr_page=list&fr_pos=city&fr_no=9,本田 雅阁 2016款 2.0L 舒适版,14.80
/cd/094ffcc2a9c0c6c5x.htm#fr_page=list&fr_pos=city&fr_no=10,丰田 凯美瑞 2018款 2.5HG 豪华版,21.38
/yc/92c23bf588aca342x.htm#fr_page=list&fr_pos=city&fr_no=11,本田 思域 2016款 220TURBO CVT豪华版,11.90
/ty/d9a7785db656edfcx.htm#fr_page=list&fr_pos=city&fr_no=12,Smart smart fortwo 2018款 1.0L 52千瓦硬顶激情版 国V,10.20
/nj/a35d1b924ea3b76ex.htm#fr_page=list&fr_pos=city&fr_no=13,大众 途观L 2019款 280TSI 自动两驱全景舒适版 国V,17.10
/luoyang/db2af5aaf79e323ax.htm#fr_page=list&fr_pos=city&fr_no=14,宝骏360 2018款 1.5L 手动豪华型 国V,5.24
/su/a6b442b5d91e4175x.htm#fr_page=list&fr_pos=city&fr_no=15,雪佛兰 迈锐宝 2017款 1.5T 自动豪华版,8.95
/zhongshan/c1edb2958904d3edx.htm#fr_page=list&fr_pos=city&fr_no=16,本田CR-V 2012款 2.0L 两驱都市版,12.00
/huizhou/00b5f60717929e59x.htm#fr_page=list&fr_pos=city&fr_no=17,奥迪Q3 2015款 35 TFSI quattro 技术型,18.38
/nj/91e6fbc70855bb6fx.htm#fr_page=list&fr_pos=city&fr_no=18,凯迪拉克ATS-L 2017款 28T 技术型,17.20
/wx/1cef93d55fe7cf8ax.htm#fr_page=list&fr_pos=city&fr_no=19,大众POLO 2016款 1.4L 自动风尚型,6.90
/cd/636c0b9657bac2ddx.htm#fr_page=list&fr_pos=city&fr_no=20,宝马3系 2018款 320Li M运动曜夜版,27.38
/wh/0c265653692228c5x.htm#fr_page=list&fr_pos=city&fr_no=21,本田 凌派 2016款 1.8L CVT豪华版,8.78
/luoyang/1cd322c9cf71290bx.htm#fr_page=list&fr_pos=city&fr_no=22,东风风行 景逸X5 2018款 乐享系列 1.6L 手动创享型,5.50
/lz/e56f1482c5278fc6x.htm#fr_page=list&fr_pos=city&fr_no=23,本田 艾力绅 2016款 2.4L 风尚版,22.80
/sjz/b4e7cc6864504e31x.htm#fr_page=list&fr_pos=city&fr_no=24,标致3008 2016款 2.0L 自动经典版,8.60
/jilin/a902d5150807fac6x.htm#fr_page=list&fr_pos=city&fr_no=25,大众 速腾 2017款 1.6L 自动时尚型,9.68
/deyang/94b3d8150f1241a6x.htm#fr_page=list&fr_pos=city&fr_no=26,起亚K2 2015款 三厢 1.4L MT GLS,3.89
/lz/8ca7a18ad9c8ca6bx.htm#fr_page=list&fr_pos=city&fr_no=27,大众 朗逸 2018款 1.5L 自动舒适版 国V,11.30
/zhangjiakou/8d6bac4052f757ccx.htm#fr_page=list&fr_pos=city&fr_no=28,别克 君越 2019款 28T 尊贵型,20.80
/gy/6fe6b1cb640fd1dbx.htm#fr_page=list&fr_pos=city&fr_no=29,现代 领动 2016款 1.6L 自动智炫・精英型,7.68
/cd/7facc5dea93b0a51x.htm#fr_page=list&fr_pos=city&fr_no=30,奔驰CLA级 2018款 CLA 220 4MATIC(进口),23.45
/suqian/ca48616125e2b496x.htm#fr_page=list&fr_pos=city&fr_no=31,吉利 博越 2018款 1.8TD 自动两驱智慧型4G互联版,8.80
/zhongshan/c2b2b5f25c4e048fx.htm#fr_page=list&fr_pos=city&fr_no=32,日产 天籁 2011款 2.0L XL舒适版,6.60
/xa/c8308064d6b40f9cx.htm#fr_page=list&fr_pos=city&fr_no=33,哈弗H9 2017款 2.0T 柴油四驱豪华型 7座,21.00
/zibo/c2362fbcb1d56030x.htm#fr_page=list&fr_pos=city&fr_no=34,丰田 威驰 2017款 1.5L 手动创行版,5.60
/bj/a6d089e26978e976x.htm#fr_page=list&fr_pos=city&fr_no=35,丰田 普拉多 2016款 3.5L 自动TX-L NAVI,48.30
/luoyang/ed45dc7756858290x.htm#fr_page=list&fr_pos=city&fr_no=36,丰田 汉兰达 2012款 2.7L 两驱7座豪华版,14.98
/yc/6d8a84de551887e7x.htm#fr_page=list&fr_pos=city&fr_no=37,奥迪A4L 2018款 30周年年型 40 TFSI 时尚型,24.40
/cd/7ebf443af97eb2d9x.htm#fr_page=list&fr_pos=city&fr_no=38,大众 速腾 2017款 230TSI 自动舒适型,10.98
/ty/a438a290b56f0f7bx.htm#fr_page=list&fr_pos=city&fr_no=39,奔驰E级 2017款 E 200 运动型 4MATIC,32.30
